{
    "normals":[0,1,-0,0,1,-0,-1.91462e-09,1,-1.50991e-07,-1.84553e-09,1,-1.52318e-07,-1.55453e-09,1,-1.12673e-07,-1.76708e-09,1,-1.08442e-07,4.25159e-09,1,-9.55794e-08,4.1595e-09,1,-9.94866e-08,0,1,0,4.16071e-09,1,-9.94978e-08,4.25326e-09,1,-9.55685e-08,0,1,0,-1.76379e-09,1,-1.08453e-07,-1.55097e-09,1,-1.12687e-07,-1.8399e-09,1,-1.52331e-07,-1.90859e-09,1,-1.51012e-07,0,-1,0,0,-1,0,1.91462e-09,-1,1.50991e-07,1.84553e-09,-1,1.52318e-07,1.55453e-09,-1,1.12673e-07,1.76708e-09,-1,1.08442e-07,-4.25159e-09,-1,9.55794e-08,-4.1595e-09,-1,9.94866e-08,-4.16072e-09,-1,9.94978e-08,-4.25327e-09,-1,9.55685e-08,1.76379e-09,-1,1.08453e-07,1.55097e-09,-1,1.12687e-07,1.8399e-09,-1,1.52331e-07,1.90859e-09,-1,1.51012e-07,0.241859,0,-0.970306,0.36964,0,-0.929167,0.490097,0,-0.871639,0.60036,0,-0.799707,0.698904,0,-0.715201,0.784692,0,-0.619861,0.857143,0,-0.515061,0.915677,0,-0.401898,0.959563,0,-0.281381,0.987945,0,-0.154729,0.999695,0,-0.0235603,0.993957,0,0.109745,0.970275,0,0.241951,0.929106,0,0.369762,0.871578,0,0.490219,0.799585,0,0.600513,0.715079,0,0.698996,0.619739,0,0.784783,0.514939,0,0.857204,0.401776,0,0.915708,0.281289,0,0.959593,0.154668,0,0.987945,0.0235298,0,0.999695,-0.109745,0,0.993957,-0.24189,0,0.970275,-0.369732,0,0.929106,-0.490158,0,0.871609,-0.600421,0,0.799646,-0.698935,0,0.715171,-0.784722,0,0.619831,-0.857143,0,0.51503,-0.915677,0,0.401868,-0.959593,0,0.28135,-0.987945,0,0.154668,-0.999695,0,0.0234993,-0.993927,0,-0.109867,-0.970275,0,-0.24192,-0.929167,0,-0.36964,-0.871639,0,-0.490127,-0.799676,0,-0.600391,-0.715171,0,-0.698904,-0.619831,0,-0.784692,-0.51503,0,-0.857143,-0.401868,0,-0.915677,-0.281381,0,-0.959563,-0.154759,0,-0.987945,-0.0235908,0,-0.999695,0.109714,0,-0.993957],
    "vertices":[0.011215,0.000999997,0.00027003,0.0123838,0.000999997,0.000646314,0.0134659,0.000999997,0.00116348,0.0144534,0.000999997,0.00180847,0.0153385,0.000999997,0.00256826,0.0161133,0.000999997,0.00342979,0.01677,0.000999997,0.00438002,0.0173008,0.000999997,0.00540591,0.0176978,0.000999997,0.00649441,0.0179532,0.000999997,0.00763248,0.0180592,0.000999997,0.00880707,0.0180079,0.000999997,0.0100051,0.0177915,0.000999997,0.0112136,0.0174151,0.000999997,0.0123822,0.0168979,0.000999997,0.013464,0.0162528,0.000999997,0.0144513,0.015493,0.000999997,0.0153362,0.0146313,0.000999997,0.0161108,0.013681,0.000999997,0.0167674,0.012655,0.000999997,0.017298,0.0115663,0.000999997,0.0176949,0.010428,0.000999997,0.0179503,0.00925323,0.000999997,0.0180562,0.0080549,0.000999997,0.0180049,0.00684609,0.000999997,0.0177885,0.00567762,0.000999997,0.0174122,0.00459583,0.000999997,0.0168951,0.00360858,0.000999997,0.0162501,0.00272371,0.000999997,0.0154904,0.00194906,0.000999997,0.0146289,0.00129248,0.000999997,0.0136788,0.000761804,0.000999997,0.012653,0.000364882,0.000999997,0.0115647,0.000109555,0.000999997,0.0104267,3.66848e-06,0.000999997,0.00925226,5.50644e-05,0.000999997,0.00805433,0.00027159,0.000999997,0.00684596,0.000647807,0.000999997,0.00567728,0.00116492,0.000999997,0.00459532,0.00180988,0.000999997,0.00360794,0.00256965,0.000999997,0.00272297,0.00343117,0.000999997,0.00194824,0.00438139,0.000999997,0.00129158,0.00540728,0.000999997,0.000760841,0.00649578,0.000999997,0.000363845,0.00763385,0.000999997,0.000108431,0.00880844,0.000999997,2.43355e-06,0.0100065,0.000999997,5.3688e-05,0.011215,-0.000999997,0.00027003,0.0123838,-0.000999997,0.000646314,0.0134659,-0.000999997,0.00116348,0.0144534,-0.000999997,0.00180847,0.0153385,-0.000999996,0.00256826,0.0161133,-0.000999996,0.00342979,0.01677,-0.000999996,0.00438002,0.0173008,-0.000999996,0.00540591,0.0176978,-0.000999996,0.00649441,0.0179532,-0.000999996,0.00763248,0.0180592,-0.000999996,0.00880707,0.0180079,-0.000999996,0.0100051,0.0177915,-0.000999996,0.0112136,0.0174151,-0.000999996,0.0123822,0.0168979,-0.000999996,0.013464,0.0162528,-0.000999996,0.0144513,0.015493,-0.000999996,0.0153362,0.0146313,-0.000999996,0.0161108,0.013681,-0.000999996,0.0167674,0.012655,-0.000999996,0.017298,0.0115663,-0.000999996,0.0176949,0.010428,-0.000999996,0.0179503,0.00925323,-0.000999996,0.0180562,0.0080549,-0.000999996,0.0180049,0.00684609,-0.000999996,0.0177885,0.00567762,-0.000999996,0.0174122,0.00459583,-0.000999996,0.0168951,0.00360858,-0.000999996,0.0162501,0.00272371,-0.000999996,0.0154904,0.00194906,-0.000999996,0.0146289,0.00129248,-0.000999996,0.0136788,0.000761804,-0.000999996,0.012653,0.000364882,-0.000999996,0.0115647,0.000109555,-0.000999996,0.0104267,3.66848e-06,-0.000999996,0.00925226,5.50644e-05,-0.000999996,0.00805433,0.00027159,-0.000999996,0.00684596,0.000647807,-0.000999996,0.00567728,0.00116492,-0.000999996,0.00459532,0.00180988,-0.000999996,0.00360794,0.00256965,-0.000999996,0.00272297,0.00343117,-0.000999997,0.00194824,0.00438139,-0.000999997,0.00129158,0.00540728,-0.000999997,0.000760841,0.00649578,-0.000999997,0.000363845,0.00763385,-0.000999997,0.000108431,0.00880844,-0.000999997,2.43355e-06,0.0100065,-0.000999997,5.3688e-05,0.011215,-0.000999997,0.00027003,0.011215,0.000999997,0.00027003,0.0123838,-0.000999997,0.000646314,0.0123838,0.000999997,0.000646314,0.0134659,-0.000999997,0.00116348,0.0134659,0.000999997,0.00116348,0.0144534,-0.000999997,0.00180847,0.0144534,0.000999997,0.00180847,0.0153385,-0.000999996,0.00256826,0.0153385,0.000999997,0.00256826,0.0161133,-0.000999996,0.00342979,0.0161133,0.000999997,0.00342979,0.01677,-0.000999996,0.00438002,0.01677,0.000999997,0.00438002,0.0173008,-0.000999996,0.00540591,0.0173008,0.000999997,0.00540591,0.0176978,-0.000999996,0.00649441,0.0176978,0.000999997,0.00649441,0.0179532,-0.000999996,0.00763248,0.0179532,0.000999997,0.00763248,0.0180592,-0.000999996,0.00880707,0.0180592,0.000999997,0.00880707,0.0180079,-0.000999996,0.0100051,0.0180079,0.000999997,0.0100051,0.0177915,-0.000999996,0.0112136,0.0177915,0.000999997,0.0112136,0.0174151,-0.000999996,0.0123822,0.0174151,0.000999997,0.0123822,0.0168979,-0.000999996,0.013464,0.0168979,0.000999997,0.013464,0.0162528,-0.000999996,0.0144513,0.0162528,0.000999997,0.0144513,0.015493,-0.000999996,0.0153362,0.015493,0.000999997,0.0153362,0.0146313,-0.000999996,0.0161108,0.0146313,0.000999997,0.0161108,0.013681,-0.000999996,0.0167674,0.013681,0.000999997,0.0167674,0.012655,-0.000999996,0.017298,0.012655,0.000999997,0.017298,0.0115663,-0.000999996,0.0176949,0.0115663,0.000999997,0.0176949,0.010428,-0.000999996,0.0179503,0.010428,0.000999997,0.0179503,0.00925323,-0.000999996,0.0180562,0.00925323,0.000999997,0.0180562,0.0080549,-0.000999996,0.0180049,0.0080549,0.000999997,0.0180049,0.00684609,-0.000999996,0.0177885,0.00684609,0.000999997,0.0177885,0.00567762,-0.000999996,0.0174122,0.00567762,0.000999997,0.0174122,0.00459583,-0.000999996,0.0168951,0.00459583,0.000999997,0.0168951,0.00360858,-0.000999996,0.0162501,0.00360858,0.000999997,0.0162501,0.00272371,-0.000999996,0.0154904,0.00272371,0.000999997,0.0154904,0.00194906,-0.000999996,0.0146289,0.00194906,0.000999997,0.0146289,0.00129248,-0.000999996,0.0136788,0.00129248,0.000999997,0.0136788,0.000761804,-0.000999996,0.012653,0.000761804,0.000999997,0.012653,0.000364882,-0.000999996,0.0115647,0.000364882,0.000999997,0.0115647,0.000109555,-0.000999996,0.0104267,0.000109555,0.000999997,0.0104267,3.66848e-06,-0.000999996,0.00925226,3.66848e-06,0.000999997,0.00925226,5.50644e-05,-0.000999996,0.00805433,5.50644e-05,0.000999997,0.00805433,0.00027159,-0.000999996,0.00684596,0.00027159,0.000999997,0.00684596,0.000647807,-0.000999996,0.00567728,0.000647807,0.000999997,0.00567728,0.00116492,-0.000999996,0.00459532,0.00116492,0.000999997,0.00459532,0.00180988,-0.000999996,0.00360794,0.00180988,0.000999997,0.00360794,0.00256965,-0.000999996,0.00272297,0.00256965,0.000999997,0.00272297,0.00343117,-0.000999997,0.00194824,0.00343117,0.000999997,0.00194824,0.00438139,-0.000999997,0.00129158,0.00438139,0.000999997,0.00129158,0.00540728,-0.000999997,0.000760841,0.00540728,0.000999997,0.000760841,0.00649578,-0.000999997,0.000363845,0.00649578,0.000999997,0.000363845,0.00763385,-0.000999997,